Ansatz,VQC Accuracy,Final Loss,Training Time (s),Average Gradient,Final Gradient
manual,0.618421052631579,0.855928653402131,2312.645794585347,0.10462106123193368,0.05210228740773847
strong,0.6567982456140351,0.7939457486645862,4336.313044503331,0.08267835254039031,0.04568742370572938
